severity,bleu,chrf,comet
HOTW-test,47.155088780964206,71.26097558465452,0.8028877157914011
Major,32.468910194722824,60.47180203058414,0.7074146511305134
Minor,39.932452513993816,66.61167105808305,0.7803755507523397
No-error,56.93515126360215,78.74817356399959,0.8963585919861136
nan,3.0920596584344358,25.243638131470696,0.2923447549343109
