measure,stress_n,non_stress_n,stress_mean,non_stress_mean,mean_diff_stress_minus_non,mw_u,mw_p,boot_ci_low,boot_ci_high
d_comet_bleu,1544,1141,0.7101965830380055,0.7460615715463925,-0.03586498850838704,836323.0,0.024936446089997764,-0.0783366556966805,0.005983175801901888
d_comet_chrf,1544,1141,0.6518217445047658,0.6123908230403828,0.039430921464382984,903267.0,0.2589993960892246,0.0005465868157548115,0.07766696234738796
3
